image_id,file_path,label
3a5b1ce8b61e7ceb00035702813ccf52,/srv/defectDetectionDataset/multiclassClassification/noisy/missing_part/chart_Missing_end.png,missing_part
390442244859d5e16a8e60db6b29f8b2,/srv/defectDetectionDataset/multiclassClassification/noisy/missing_part/chart.png,missing_part
4b6ff6e46a77cb2da6032b663e794f4c,/srv/defectDetectionDataset/multiclassClassification/noisy/missing_part/20250603-143314_20.jpg,missing_part
73b6c2f48c83282dce75a1d265059c72,/srv/defectDetectionDataset/multiclassClassification/noisy/no_defects/20250521-101604_6.jpg,no_defects
a7085a2802c3766c79a5ab4a9db0a49e,/srv/defectDetectionDataset/multiclassClassification/noisy/no_defects/20250603-141834_5.jpg,no_defects
7bb89b8bd881b13e2e4ccc133bce4b75,/srv/defectDetectionDataset/multiclassClassification/noisy/no_defects/20250616-101047_61.jpg,no_defects
806721b182d826a4367e19c26a412262,/srv/defectDetectionDataset/multiclassClassification/noisy/no_defects/20250616-101127_99.jpg,no_defects
7813f5e52f7fcad0c17a6047f6e84576,/srv/defectDetectionDataset/multiclassClassification/noisy/no_defects/20250505-110951_4.jpg,no_defects
6114b5fc642389388a0b8885cd499a64,/srv/defectDetectionDataset/multiclassClassification/noisy/no_defects/20250616-100945_1.jpg,no_defects
763492051a7f76936ebc4dc5593b1b84,/srv/defectDetectionDataset/multiclassClassification/noisy/no_defects/20250505-151505_2.jpg,no_defects
528440b7bcce1656d4b8834cb5cd96fd,/srv/defectDetectionDataset/multiclassClassification/noisy/no_defects/20250630-160850_8.jpg,no_defects
133553df501e1ef53104b2aaf358c561,/srv/defectDetectionDataset/multiclassClassification/noisy/no_defects/20250616-101029_44.jpg,no_defects
5a1eb8f867a12e77e4b2e0659575e83c,/srv/defectDetectionDataset/multiclassClassification/noisy/no_defects/20250603-141850_21.jpg,no_defects
383cad0a893112e4494941b700c8e04a,/srv/defectDetectionDataset/multiclassClassification/noisy/no_defects/20250709-154209_6.jpg,no_defects
74a83dbe47b76cd5b5cb108ceec74f07,/srv/defectDetectionDataset/multiclassClassification/noisy/no_defects/20250616-100949_5.jpg,no_defects
3b1f27655c3c34af36264cc03c2589e2,/srv/defectDetectionDataset/multiclassClassification/noisy/no_defects/20250709-154207_4.jpg,no_defects
2d9d8008891e9d138774dde77d9f062a,/srv/defectDetectionDataset/multiclassClassification/noisy/no_defects/20250616-101036_50.jpg,no_defects
f348b0f5b04c8f523767b1705db1f9e6,/srv/defectDetectionDataset/multiclassClassification/noisy/no_defects/20250603-141934_63.jpg,no_defects
ffbeb70e3e9523375c8654d1937b3fc0,/srv/defectDetectionDataset/multiclassClassification/noisy/no_defects/20250616-101113_86.jpg,no_defects
0aec88b1dff878bd17858d0649793f59,/srv/defectDetectionDataset/multiclassClassification/noisy/no_defects/20250514-102058_5.jpg,no_defects
6a77ca6740007f705f2607833bc8c74c,/srv/defectDetectionDataset/multiclassClassification/noisy/no_defects/20250707-143511_0.jpg,no_defects
a234f138b401c3dc0ada1cad5d2b8211,/srv/defectDetectionDataset/multiclassClassification/noisy/no_defects/20250505-110947_0.jpg,no_defects
bc9c3938c2f2a27dd00c67bc4d6b69e7,/srv/defectDetectionDataset/multiclassClassification/noisy/no_defects/20250505-151509_6.jpg,no_defects
ddcbdfd4d8c7dbc1512f2a937f4282be,/srv/defectDetectionDataset/multiclassClassification/noisy/no_defects/20250630-160845_3.jpg,no_defects
9689fc92f43ad84b1d415b9739960e21,/srv/defectDetectionDataset/multiclassClassification/noisy/no_defects/20250616-101141_113.jpg,no_defects
314dd42e1337cb7f1543e5117b3cb310,/srv/defectDetectionDataset/multiclassClassification/noisy/no_defects/20250616-101120_93.jpg,no_defects
0a30114df27bd0242aacdeb126a8c042,/srv/defectDetectionDataset/multiclassClassification/noisy/no_defects/20250616-100944_0.jpg,no_defects
1b4f020560ba6ea557b7ff91d2309260,/srv/defectDetectionDataset/multiclassClassification/noisy/no_defects/20250707-155036_4.jpg,no_defects
57fe518dfe92f67e650a69282e720c83,/srv/defectDetectionDataset/multiclassClassification/noisy/no_defects/20250603-141844_15.jpg,no_defects
c9b3eda40182b9e226b6a5245ae01de5,/srv/defectDetectionDataset/multiclassClassification/noisy/no_defects/20250507-165848_13.jpg,no_defects
4ad239764d7f9cf0a29b62007b0f2c9b,/srv/defectDetectionDataset/multiclassClassification/noisy/no_defects/20250507-165839_4.jpg,no_defects
64cf0a61474074b38398c4abcfab9b85,/srv/defectDetectionDataset/multiclassClassification/noisy/no_defects/20250616-101050_64.jpg,no_defects
6361a39ad639f462b605e2ad14051011,/srv/defectDetectionDataset/multiclassClassification/noisy/no_defects/20250616-101004_20.jpg,no_defects
7f43a82672a59f67d787cd3b7f3f493d,/srv/defectDetectionDataset/multiclassClassification/noisy/no_defects/20250616-101013_28.jpg,no_defects
869049b04e70f1da86f04c421ed78291,/srv/defectDetectionDataset/multiclassClassification/noisy/no_defects/20250616-101011_26.jpg,no_defects
3fb76ad29f7d0ca8f908da7a59ad8953,/srv/defectDetectionDataset/multiclassClassification/noisy/no_defects/20250707-142706_8.jpg,no_defects
c40e8f4efc2943cf856b1c29b0e20f52,/srv/defectDetectionDataset/multiclassClassification/noisy/no_defects/20250616-101103_76.jpg,no_defects
3381af00c4e1989df423b0d77a279c20,/srv/defectDetectionDataset/multiclassClassification/noisy/no_defects/20250514-102306_2.jpg,no_defects
b3ac9f5d1ce14b49835164d7b01a8493,/srv/defectDetectionDataset/multiclassClassification/noisy/no_defects/20250616-101106_79.jpg,no_defects
1cf82353f9a86eeaa5cea726315a1556,/srv/defectDetectionDataset/multiclassClassification/noisy/no_defects/20250603-141947_76.jpg,no_defects
9b442296b11f7c877954e3a11c4472ec,/srv/defectDetectionDataset/multiclassClassification/noisy/no_defects/20250709-154203_1.jpg,no_defects
5062206c813c6bc2e24de703ed602bc9,/srv/defectDetectionDataset/multiclassClassification/noisy/no_defects/20250603-141839_10.jpg,no_defects
4ab6101e1c50f6e1a14b432a57b70e6e,/srv/defectDetectionDataset/multiclassClassification/noisy/no_defects/20250603-141908_38.jpg,no_defects
42d52d39202183187f9f3a21649d178b,/srv/defectDetectionDataset/multiclassClassification/noisy/no_defects/20250603-141914_44.jpg,no_defects
b8ffa690600c8481bf0f937457bb8f25,/srv/defectDetectionDataset/multiclassClassification/noisy/no_defects/20250707-150123_3.jpg,no_defects
126e0c890adf06d348c4456cda927507,/srv/defectDetectionDataset/multiclassClassification/noisy/no_defects/20250505-110948_1.jpg,no_defects
5d2fe2c2ba3ff3a10578e1fba0e6976b,/srv/defectDetectionDataset/multiclassClassification/noisy/no_defects/20250603-141903_33.jpg,no_defects
51f1a81a2d1a8a1424b24dc7dd7db803,/srv/defectDetectionDataset/multiclassClassification/noisy/no_defects/20250603-141935_64.jpg,no_defects
0324c158c7ed317a0daf29b954e2a00d,/srv/defectDetectionDataset/multiclassClassification/noisy/no_defects/20250603-142000_88.jpg,no_defects
34a4f99a80594ed2d40d6e1837fd2b61,/srv/defectDetectionDataset/multiclassClassification/noisy/no_defects/20250616-101010_25.jpg,no_defects
fd0c1d32f9106cb4449ba6c6770b3421,/srv/defectDetectionDataset/multiclassClassification/noisy/no_defects/20250616-101027_42.jpg,no_defects
e4ab8cc955a3177376e71cbab81a3fb2,/srv/defectDetectionDataset/multiclassClassification/noisy/no_defects/20250603-142003_91.jpg,no_defects
b145b5236be95659d8f0bd700ae48462,/srv/defectDetectionDataset/multiclassClassification/noisy/no_defects/20250616-101015_30.jpg,no_defects
1ea2b60b6dc273e5b81871a3cf84a687,/srv/defectDetectionDataset/multiclassClassification/noisy/no_defects/20250514-104331_4.jpg,no_defects
ba61ec61a90b996f4735f372f5a86660,/srv/defectDetectionDataset/multiclassClassification/noisy/no_defects/20250616-101003_19.jpg,no_defects
686f286df2d73cc85965ccc9787d7731,/srv/defectDetectionDataset/multiclassClassification/noisy/no_defects/20250630-101241_22.jpg,no_defects
fddcb26cd78c9e05f24c9aa5750581c7,/srv/defectDetectionDataset/multiclassClassification/noisy/no_defects/20250508-153754_5.jpg,no_defects
fa19d1a2698b0162145fe59a5eac603e,/srv/defectDetectionDataset/multiclassClassification/noisy/no_defects/20250616-101105_78.jpg,no_defects
507cb358b06d14cf73d60138e0450850,/srv/defectDetectionDataset/multiclassClassification/noisy/no_defects/20250603-141939_68.jpg,no_defects
94d2811929205e64fbf05882d9b353da,/srv/defectDetectionDataset/multiclassClassification/noisy/no_defects/20250514-102610_2.jpg,no_defects
9f436b5fd154dcee92dc1477da53f5c7,/srv/defectDetectionDataset/multiclassClassification/noisy/no_defects/20250603-141926_55.jpg,no_defects
5f034b3b2d3531a5e7d17f2d8ff4a054,/srv/defectDetectionDataset/multiclassClassification/noisy/no_defects/20250514-102054_3.jpg,no_defects
aee51c91afe3ef1af4e9f8c4d2999a90,/srv/defectDetectionDataset/multiclassClassification/noisy/no_defects/20250603-142009_97.jpg,no_defects
1831a621a5673829b2ae49f24a44fecc,/srv/defectDetectionDataset/multiclassClassification/noisy/no_defects/20250514-151745_0.jpg,no_defects
61f9af948f352b2ff6169a0fed3d819f,/srv/defectDetectionDataset/multiclassClassification/noisy/no_defects/20250616-101111_84.jpg,no_defects
cc684ffe58af3d7af87a48e2828a1030,/srv/defectDetectionDataset/multiclassClassification/noisy/no_defects/20250709-154208_5.jpg,no_defects
d9dafbd7f81d3c74654bba163305224a,/srv/defectDetectionDataset/multiclassClassification/noisy/no_defects/20250603-141938_67.jpg,no_defects
de5175f15b42df5ec5459fa51f27568c,/srv/defectDetectionDataset/multiclassClassification/noisy/no_defects/20250616-101049_63.jpg,no_defects
f016b45f2177086c15b7cedbf3a33893,/srv/defectDetectionDataset/multiclassClassification/noisy/no_defects/20250514-102100_6.jpg,no_defects
f6d7e8b623d0757da17199b17b8f5960,/srv/defectDetectionDataset/multiclassClassification/noisy/no_defects/20250616-101053_67.jpg,no_defects
29f1e0912404647be1e387d631cb9104,/srv/defectDetectionDataset/multiclassClassification/noisy/no_defects/20250514-101952_8.jpg,no_defects
3993315241866d51cb5eb4c7a4e768ff,/srv/defectDetectionDataset/multiclassClassification/noisy/no_defects/20250616-101136_108.jpg,no_defects
02a8c7cbf326e66ab64ca8e6a8c138f2,/srv/defectDetectionDataset/multiclassClassification/noisy/no_defects/20250603-141920_50.jpg,no_defects
c1b9f358a23635bda2dec3847b30bf69,/srv/defectDetectionDataset/multiclassClassification/noisy/no_defects/20250707-155038_6.jpg,no_defects
17a1535bfddbd859b841cfd529ae46fc,/srv/defectDetectionDataset/multiclassClassification/noisy/no_defects/20250616-100955_11.jpg,no_defects
2264f091af5f0ce5b6d214f3c1527723,/srv/defectDetectionDataset/multiclassClassification/noisy/no_defects/20250514-102302_0.jpg,no_defects
0868a1f3fa40422298ffd2507309ad9d,/srv/defectDetectionDataset/multiclassClassification/noisy/no_defects/20250505-151503_0.jpg,no_defects
8bded3d94e2f101ce6f9465e86aa7603,/srv/defectDetectionDataset/multiclassClassification/noisy/no_defects/20250709-151536_5.jpg,no_defects
4b776309cce91c1b4cc54350ad5f8701,/srv/defectDetectionDataset/multiclassClassification/noisy/no_defects/20250603-142020_108.jpg,no_defects
730412d1c97502118c15a568788723ac,/srv/defectDetectionDataset/multiclassClassification/noisy/no_defects/20250603-141933_62.jpg,no_defects
8e9db60fdad79365e0b72624458ccb46,/srv/defectDetectionDataset/multiclassClassification/noisy/no_defects/20250514-102308_3.jpg,no_defects
1168dd164cbc2587b2d51f8698cf2d8b,/srv/defectDetectionDataset/multiclassClassification/noisy/no_defects/20250603-141954_83.jpg,no_defects
c1759631b2d1b51efe729d242550859d,/srv/defectDetectionDataset/multiclassClassification/noisy/no_defects/20250507-204718_2.jpg,no_defects
3aa5eddc731195645f242f05a4f7e517,/srv/defectDetectionDataset/multiclassClassification/noisy/no_defects/20250603-142008_96.jpg,no_defects
624a6e42d772f8bae5cd556d7612b3e3,/srv/defectDetectionDataset/multiclassClassification/noisy/no_defects/20250505-151504_1.jpg,no_defects
b0edf528d76b7d3deff98179c6b2c845,/srv/defectDetectionDataset/multiclassClassification/noisy/no_defects/20250505-151506_3.jpg,no_defects
3434127c94c24e32811b45c04f792dc4,/srv/defectDetectionDataset/multiclassClassification/noisy/no_defects/20250616-101059_72.jpg,no_defects
fb3ade059fcc62c5adf5989386e78cd4,/srv/defectDetectionDataset/multiclassClassification/noisy/no_defects/20250616-101126_98.jpg,no_defects
e875ed1778bf2f18802b65e6e9255b0e,/srv/defectDetectionDataset/multiclassClassification/noisy/no_defects/20250603-141838_9.jpg,no_defects
c4434bf976209a0a268971f8d7a105c9,/srv/defectDetectionDataset/multiclassClassification/noisy/no_defects/20250707-142821_0.jpg,no_defects
5cd9190aa49003978bbacedac497740c,/srv/defectDetectionDataset/multiclassClassification/noisy/no_defects/20250616-100958_14.jpg,no_defects
cf8d661b4e847c975ce3f8cfd889107b,/srv/defectDetectionDataset/multiclassClassification/noisy/no_defects/20250603-141953_82.jpg,no_defects
7cd59617d30febf0093ad705016c7dd1,/srv/defectDetectionDataset/multiclassClassification/noisy/no_defects/20250709-151537_6.jpg,no_defects
151407764d23c7f675cef2014fc91c6a,/srv/defectDetectionDataset/multiclassClassification/noisy/no_defects/20250616-101117_90.jpg,no_defects
2cbb885062ddc673750b64625689ed67,/srv/defectDetectionDataset/multiclassClassification/noisy/no_defects/20250616-101035_49.jpg,no_defects
333e130c5202daf82de7e28156ded078,/srv/defectDetectionDataset/multiclassClassification/noisy/no_defects/20250603-141829_0.jpg,no_defects
ff664930acfdc97efc3bfd9ac6ba4250,/srv/defectDetectionDataset/multiclassClassification/noisy/no_defects/20250505-113054_1.jpg,no_defects
79f09a067ba9888a9baada4b57fedc30,/srv/defectDetectionDataset/multiclassClassification/noisy/no_defects/20250709-154204_2.jpg,no_defects
d8f3b296b71b69131a62a197e9ad0cd8,/srv/defectDetectionDataset/multiclassClassification/noisy/no_defects/20250616-101118_91.jpg,no_defects
1f9f55bf0fbae7d56f3ffdf5d8d90ccd,/srv/defectDetectionDataset/multiclassClassification/noisy/no_defects/20250616-101002_18.jpg,no_defects
f45150d7fc78e34441a679056727ed97,/srv/defectDetectionDataset/multiclassClassification/noisy/no_defects/20250616-101028_43.jpg,no_defects
8ded2d2ff1e5a0f35e0ae3fcfcf4afa5,/srv/defectDetectionDataset/multiclassClassification/noisy/no_defects/20250508-153757_8.jpg,no_defects
cb1e0efc11a0bc6e523785dd074eebdc,/srv/defectDetectionDataset/multiclassClassification/noisy/no_defects/20250616-101135_107.jpg,no_defects
1d9585b47d076cf1df6cf812aa91e35e,/srv/defectDetectionDataset/multiclassClassification/noisy/no_defects/20250507-204724_8.jpg,no_defects
aa1aa634276810ec8fef8c3656feb300,/srv/defectDetectionDataset/multiclassClassification/noisy/no_defects/20250616-101020_35.jpg,no_defects
a170c9b6ca66820e2869217ef5a22eda,/srv/defectDetectionDataset/multiclassClassification/noisy/no_defects/20250514-101005_7.jpg,no_defects
250d29057d2eafdf7ca0057aba183bcf,/srv/defectDetectionDataset/multiclassClassification/noisy/no_defects/20250603-141833_4.jpg,no_defects
d12eb75d5d82d3b7afc94f50f3672d1c,/srv/defectDetectionDataset/multiclassClassification/noisy/no_defects/20250603-141911_41.jpg,no_defects
6b835d257ec55aa7debae4e6c3d43283,/srv/defectDetectionDataset/multiclassClassification/noisy/no_defects/20250603-141955_84.jpg,no_defects
b9a89735d93f6cde3368ecc9f3216e0b,/srv/defectDetectionDataset/multiclassClassification/noisy/no_defects/20250603-141907_37.jpg,no_defects
8495aae78df96d1691ad810458a54af1,/srv/defectDetectionDataset/multiclassClassification/noisy/no_defects/20250616-101128_100.jpg,no_defects
34e99cbdadb0596270783e8fa8b8e25d,/srv/defectDetectionDataset/multiclassClassification/noisy/no_defects/20250707-153546_13.jpg,no_defects
94e75d3a6168637fcf9914d96fb67ce2,/srv/defectDetectionDataset/multiclassClassification/noisy/no_defects/20250506-153712_18.jpg,no_defects
391e54bcb378b1f12fac217ab1658b6a,/srv/defectDetectionDataset/multiclassClassification/noisy/no_defects/20250603-141923_53.jpg,no_defects
ebdf1c81abe27159d21a7ed3a34acfe4,/srv/defectDetectionDataset/multiclassClassification/noisy/no_defects/20250603-142011_99.jpg,no_defects
52eba5f746f82d7ea27dd1f0a053027f,/srv/defectDetectionDataset/multiclassClassification/noisy/no_defects/20250513-092331_0.jpg,no_defects
e36cc193defbeb6f4861bdb385f3deb0,/srv/defectDetectionDataset/multiclassClassification/noisy/no_defects/20250603-141904_34.jpg,no_defects
a6cc1b95b56eb12558286a0f2efcbc28,/srv/defectDetectionDataset/multiclassClassification/noisy/no_defects/20250514-101003_6.jpg,no_defects
f8285fab5be5daf4b0bb06de4a443e90,/srv/defectDetectionDataset/multiclassClassification/noisy/no_defects/20250603-141848_19.jpg,no_defects
b218b430fa493ec7268caaa1967005f9,/srv/defectDetectionDataset/multiclassClassification/noisy/no_defects/20250603-142027_114.jpg,no_defects
7b352ba95c4304a97b89a48e146919c6,/srv/defectDetectionDataset/multiclassClassification/noisy/no_defects/20250603-142002_90.jpg,no_defects
d2afd4e0711a07755a6a2aa35c8505e2,/srv/defectDetectionDataset/multiclassClassification/noisy/no_defects/20250603-141858_28.jpg,no_defects
b64e1bb519b7257426dba86d9a8c46e1,/srv/defectDetectionDataset/multiclassClassification/noisy/no_defects/20250603-141849_20.jpg,no_defects
485974119c3221f2fe59599ac9882cec,/srv/defectDetectionDataset/multiclassClassification/noisy/no_defects/20250603-141846_17.jpg,no_defects
45d2f814e45fcac0e8b7a2cf58e2b784,/srv/defectDetectionDataset/multiclassClassification/noisy/no_defects/20250630-160842_0.jpg,no_defects
5afd6eef6e34da9f6dac3013b68e3088,/srv/defectDetectionDataset/multiclassClassification/noisy/no_defects/20250707-150128_8.jpg,no_defects
ccad84db5ec875fb141b29d7a2b6fa03,/srv/defectDetectionDataset/multiclassClassification/noisy/no_defects/20250505-153201_6.jpg,no_defects
282a7cdbf1b569d7e35cb562e933e267,/srv/defectDetectionDataset/multiclassClassification/noisy/no_defects/20250514-101954_9.jpg,no_defects
398affe06fec843f9aab631d4292a1d7,/srv/defectDetectionDataset/multiclassClassification/noisy/no_defects/20250616-101040_54.jpg,no_defects
adbce91af1fb5f25351785a5f1a4a491,/srv/defectDetectionDataset/multiclassClassification/noisy/no_defects/20250707-150127_7.jpg,no_defects
87b75f25c72a09c7d107153bb47e128f,/srv/defectDetectionDataset/multiclassClassification/noisy/no_defects/20250603-141950_79.jpg,no_defects
6d9d59892aa075800143db8bde92b4fa,/srv/defectDetectionDataset/multiclassClassification/noisy/no_defects/20250603-141959_87.jpg,no_defects
1407e093a40768cab97fae05ff43a8d9,/srv/defectDetectionDataset/multiclassClassification/noisy/no_defects/20250507-165811_0.jpg,no_defects
f400b507963e3b349c15fcccbaf6bbb0,/srv/defectDetectionDataset/multiclassClassification/noisy/no_defects/20250505-151511_8.jpg,no_defects
054097d3526d920199351659d33b791f,/srv/defectDetectionDataset/multiclassClassification/noisy/no_defects/20250603-141847_18.jpg,no_defects
c87b111c7ca6586587f5b88eff7256f5,/srv/defectDetectionDataset/multiclassClassification/noisy/no_defects/20250514-102614_4.jpg,no_defects
3aacbf95c41fbaa61d814c9bec432981,/srv/defectDetectionDataset/multiclassClassification/noisy/no_defects/20250630-160849_7.jpg,no_defects
a0a16dc492386e84b0eed46c4e8141b7,/srv/defectDetectionDataset/multiclassClassification/noisy/no_defects/20250616-101124_97.jpg,no_defects
14c8e4c93324c2a057b284a490b474b2,/srv/defectDetectionDataset/multiclassClassification/noisy/no_defects/20250507-165814_3.jpg,no_defects
99c4ce3b725575983f3516f947f48932,/srv/defectDetectionDataset/multiclassClassification/noisy/no_defects/20250603-141948_77.jpg,no_defects
9bc4e5ae1aa8564fca04388d13efc0b7,/srv/defectDetectionDataset/multiclassClassification/noisy/no_defects/20250616-101051_65.jpg,no_defects
572262aa7abf9291d7b81219af966009,/srv/defectDetectionDataset/multiclassClassification/noisy/no_defects/20250521-115738_0.jpg,no_defects
a873e7200d77fa8647bb0dc008b9c124,/srv/defectDetectionDataset/multiclassClassification/noisy/no_defects/20250508-153751_2.jpg,no_defects
cb16f3636c9cdb0f1616571ecd0d4895,/srv/defectDetectionDataset/multiclassClassification/noisy/no_defects/20250507-165812_1.jpg,no_defects
1d609f4e0aff0c3df739c8bc8556e6af,/srv/defectDetectionDataset/multiclassClassification/noisy/no_defects/20250514-102056_4.jpg,no_defects
7d9af7e910763fdc872a3f45ce6339c9,/srv/defectDetectionDataset/multiclassClassification/noisy/no_defects/20250507-204723_7.jpg,no_defects
d0ba6058186857db470aa6e249ed9ecc,/srv/defectDetectionDataset/multiclassClassification/noisy/no_defects/20250603-142005_93.jpg,no_defects
a5ede6b6d0e3217a12a2db59c17ad2d5,/srv/defectDetectionDataset/multiclassClassification/noisy/no_defects/20250709-154206_3.jpg,no_defects
20b2dceb83ac693e973beb061998e4c2,/srv/defectDetectionDataset/multiclassClassification/noisy/no_defects/20250603-141832_3.jpg,no_defects
fe3db5f7eb067e2e833a1b494d279f13,/srv/defectDetectionDataset/multiclassClassification/noisy/no_defects/20250630-160843_1.jpg,no_defects
642492fbd5876854b82d6acab1319755,/srv/defectDetectionDataset/multiclassClassification/noisy/no_defects/20250507-165851_16.jpg,no_defects
7f6be03ccedda8b55db71cfe1944f715,/srv/defectDetectionDataset/multiclassClassification/noisy/no_defects/20250707-155032_0.jpg,no_defects
bd0c308c89eafd133fff30ce6aa5aeea,/srv/defectDetectionDataset/multiclassClassification/noisy/no_defects/20250603-142012_100.jpg,no_defects
d520fd96b10ccbdfccf97d2db9274fe5,/srv/defectDetectionDataset/multiclassClassification/noisy/no_defects/20250514-101942_3.jpg,no_defects
11aa7621967697847140591db06278a8,/srv/defectDetectionDataset/multiclassClassification/noisy/no_defects/20250508-153756_7.jpg,no_defects
41563c2fcb723f151e020fe55a236204,/srv/defectDetectionDataset/multiclassClassification/noisy/no_defects/20250603-141905_35.jpg,no_defects
9a81c170e6125b588952cacddd18963e,/srv/defectDetectionDataset/multiclassClassification/noisy/no_defects/20250603-141854_25.jpg,no_defects
d0233b3c64a7de6049810a84a88177cb,/srv/defectDetectionDataset/multiclassClassification/noisy/no_defects/20250603-142026_113.jpg,no_defects
902abbd6bfcc7da6fffdbff0718aeca6,/srv/defectDetectionDataset/multiclassClassification/noisy/no_defects/20250616-101021_36.jpg,no_defects
a75d05e1148a018882b9d247a8a58186,/srv/defectDetectionDataset/multiclassClassification/noisy/no_defects/20250603-141842_13.jpg,no_defects
2b7bf4acf143348f52bffe761215450a,/srv/defectDetectionDataset/multiclassClassification/noisy/no_defects/20250707-150031_0.jpg,no_defects
3cc8fd2f0053dccd893ad43480ee1b41,/srv/defectDetectionDataset/multiclassClassification/noisy/no_defects/20250507-204719_3.jpg,no_defects
e2594cfc88b3cf56f00b4555508bbe4e,/srv/defectDetectionDataset/multiclassClassification/noisy/no_defects/20250616-101000_16.jpg,no_defects
f5006adfb0b8344989104f443a261ea6,/srv/defectDetectionDataset/multiclassClassification/noisy/no_defects/20250603-141946_75.jpg,no_defects
defd23819a310dbe221f322bd07a5ddf,/srv/defectDetectionDataset/multiclassClassification/noisy/no_defects/20250603-141928_57.jpg,no_defects
2f445b82c3f1fae51d907197916bd582,/srv/defectDetectionDataset/multiclassClassification/noisy/no_defects/20250616-101108_81.jpg,no_defects
c3d7eade3c36c91ddc87e5da39df4465,/srv/defectDetectionDataset/multiclassClassification/noisy/no_defects/20250603-141843_14.jpg,no_defects
1e386b0d83984e7b8213b912ecb7b7e5,/srv/defectDetectionDataset/multiclassClassification/noisy/no_defects/20250707-155035_3.jpg,no_defects
95e44c14cce64d9bbd2dbbb45f498b8f,/srv/defectDetectionDataset/multiclassClassification/noisy/no_defects/20250707-150126_6.jpg,no_defects
2c7f24ea3f4be6ccbe8e1eaafa0e61ad,/srv/defectDetectionDataset/multiclassClassification/noisy/no_defects/20250505-151510_7.jpg,no_defects
75b4f0cbe0b6d32a1ffee87f8664e89e,/srv/defectDetectionDataset/multiclassClassification/noisy/no_defects/20250507-165849_14.jpg,no_defects
853b7cc7e5edd70a779c2c5b5804a8bd,/srv/defectDetectionDataset/multiclassClassification/noisy/no_defects/20250616-101026_41.jpg,no_defects
19da7daf9e560da986aece408da42481,/srv/defectDetectionDataset/multiclassClassification/noisy/no_defects/20250603-141853_24.jpg,no_defects
d5ebf06f61d16477b5f7fda927bf2674,/srv/defectDetectionDataset/multiclassClassification/noisy/no_defects/20250514-102103_7.jpg,no_defects
7fc24998db820bfbf8b284e125d41575,/srv/defectDetectionDataset/multiclassClassification/noisy/no_defects/20250616-101005_21.jpg,no_defects
9f795a0441ab8b0d7f3b3911eb73f7c6,/srv/defectDetectionDataset/multiclassClassification/noisy/no_defects/20250709-154349_8.jpg,no_defects
9ad241bfa2069b6a9225006a7f28885e,/srv/defectDetectionDataset/multiclassClassification/noisy/no_defects/20250616-100948_4.jpg,no_defects
6769517ce81f04d6a17593829c141dc0,/srv/defectDetectionDataset/multiclassClassification/noisy/no_defects/20250616-100953_9.jpg,no_defects
f9068b726347da4d5133bed9d9fea9cb,/srv/defectDetectionDataset/multiclassClassification/noisy/no_defects/20250616-101016_31.jpg,no_defects
eb68b1deed50ee6980f2afa7946ec7e8,/srv/defectDetectionDataset/multiclassClassification/noisy/no_defects/20250514-101950_7.jpg,no_defects
4865e10b8899a34bcc1b55be8fbb295b,/srv/defectDetectionDataset/multiclassClassification/noisy/no_defects/20250616-101110_83.jpg,no_defects
5f3021b30f66cb95d6166ab697d295a0,/srv/defectDetectionDataset/multiclassClassification/noisy/no_defects/20250514-104322_0.jpg,no_defects
60ac6e09c2d36bf9a7ad05f0fd4dceaa,/srv/defectDetectionDataset/multiclassClassification/noisy/no_defects/20250513-130926_0.jpg,no_defects
48a6c941b78fd0236bf01f5bc3ca6466,/srv/defectDetectionDataset/multiclassClassification/noisy/no_defects/20250505-110949_2.jpg,no_defects
64434777a78ba5ec45df141309952d65,/srv/defectDetectionDataset/multiclassClassification/noisy/no_defects/20250603-141912_42.jpg,no_defects
02525d5abb8b025f27c9bdd73729648d,/srv/defectDetectionDataset/multiclassClassification/noisy/no_defects/20250616-101100_73.jpg,no_defects
19cf78ff876f7eb2bd9fa59be9f90b25,/srv/defectDetectionDataset/multiclassClassification/noisy/no_defects/20250603-141840_11.jpg,no_defects
ae5a5a79e1431fb031dd0e57c3ab7a5e,/srv/defectDetectionDataset/multiclassClassification/noisy/no_defects/20250616-101023_38.jpg,no_defects
d0cda58141fa70b2832ffe49619b8466,/srv/defectDetectionDataset/multiclassClassification/noisy/no_defects/20250514-104326_2.jpg,no_defects
0947834a1d698c6d18b4fb6d5cc4abe3,/srv/defectDetectionDataset/multiclassClassification/noisy/no_defects/20250603-142405_0.jpg,no_defects
823b154a8c56f91d7f0483c4edb01d0a,/srv/defectDetectionDataset/multiclassClassification/noisy/no_defects/20250603-141924_54.jpg,no_defects
6aa21da9dbdeab5e351d68a5ef8eb5e0,/srv/defectDetectionDataset/multiclassClassification/noisy/no_defects/20250616-101101_74.jpg,no_defects
c03224ca591e8039ffbbcf8e9b335c29,/srv/defectDetectionDataset/multiclassClassification/noisy/no_defects/20250603-141919_49.jpg,no_defects
e3a7c06dc1f9b15b60ff06da7a3cbf20,/srv/defectDetectionDataset/multiclassClassification/noisy/no_defects/20250603-141855_26.jpg,no_defects
dc3eed93b4f3d6f944df56255954fc18,/srv/defectDetectionDataset/multiclassClassification/noisy/no_defects/20250603-142001_89.jpg,no_defects
45b3794e49439c4a8b0eb3d3b44a484d,/srv/defectDetectionDataset/multiclassClassification/noisy/no_defects/20250508-153752_3.jpg,no_defects
463a138711251626a0e85463124e824d,/srv/defectDetectionDataset/multiclassClassification/noisy/no_defects/20250603-142014_102.jpg,no_defects
84ff174da3d7efe1d6382b32f63b76c7,/srv/defectDetectionDataset/multiclassClassification/noisy/no_defects/20250603-141909_39.jpg,no_defects
4da7a46024cb560d5c1503b71e6e1448,/srv/defectDetectionDataset/multiclassClassification/noisy/no_defects/20250707-142703_5.jpg,no_defects
85ff8dc7b62463be6669a0aff8514ca9,/srv/defectDetectionDataset/multiclassClassification/noisy/no_defects/20250505-113057_4.jpg,no_defects
baf37d4ad63cb4605a4547e0da001157,/srv/defectDetectionDataset/multiclassClassification/noisy/no_defects/20250507-165815_4.jpg,no_defects
d10d68da44cbb262f6a38d88fa74d7bc,/srv/defectDetectionDataset/multiclassClassification/noisy/no_defects/20250603-141956_85.jpg,no_defects
8f014b0be9e589ba494a565d9aac5a4c,/srv/defectDetectionDataset/multiclassClassification/noisy/no_defects/20250603-142021_109.jpg,no_defects
a72778a1a4e06f0661ce2e9c8b1f7a7a,/srv/defectDetectionDataset/multiclassClassification/noisy/no_defects/20250707-142704_6.jpg,no_defects
c1fdab8da0de8067197516e9e4a7387d,/srv/defectDetectionDataset/multiclassClassification/noisy/no_defects/20250630-155746_0.jpg,no_defects
d419860895aa45de96250799326e75c6,/srv/defectDetectionDataset/multiclassClassification/noisy/no_defects/20250616-101058_71.jpg,no_defects
1377cf3ef2dec2847508a6b90aba06d3,/srv/defectDetectionDataset/multiclassClassification/noisy/no_defects/20250603-141915_45.jpg,no_defects
da358fc47b8a27d3136d2dab7e7afac7,/srv/defectDetectionDataset/multiclassClassification/noisy/no_defects/20250603-141929_58.jpg,no_defects
bc3543ed98f52f87ba1779424e25313d,/srv/defectDetectionDataset/multiclassClassification/noisy/no_defects/20250616-101056_70.jpg,no_defects
2000d421495f8da14fc7e77b724b7e8f,/srv/defectDetectionDataset/multiclassClassification/noisy/no_defects/20250505-151507_4.jpg,no_defects
f23421a456bfe5e55a4ddc9126cb6fe5,/srv/defectDetectionDataset/multiclassClassification/noisy/no_defects/20250603-141940_69.jpg,no_defects
ae95cfa9b6e4ba00ecc3901050c2b76c,/srv/defectDetectionDataset/multiclassClassification/noisy/no_defects/20250508-135924_1.jpg,no_defects
5113733ad6652b821534e09f0cd533d6,/srv/defectDetectionDataset/multiclassClassification/noisy/no_defects/20250616-101033_47.jpg,no_defects
538e2490fa4c8ebcce08489c0568a80f,/srv/defectDetectionDataset/multiclassClassification/noisy/no_defects/20250603-141851_22.jpg,no_defects
363349d179ee6b3288025df31786780a,/srv/defectDetectionDataset/multiclassClassification/noisy/no_defects/20250508-153753_4.jpg,no_defects
ff6d14af76c55fcec04889886f2b825b,/srv/defectDetectionDataset/multiclassClassification/noisy/no_defects/20250630-155259_0.jpg,no_defects
8ca02e471028231edb121f4b32d8a023,/srv/defectDetectionDataset/multiclassClassification/noisy/no_defects/20250603-141943_72.jpg,no_defects
c4cd4640663ce4eb598a32d33b1df8f5,/srv/defectDetectionDataset/multiclassClassification/noisy/no_defects/20250616-100950_6.jpg,no_defects
3226d07f588f20839c129ae30737496e,/srv/defectDetectionDataset/multiclassClassification/noisy/no_defects/20250616-101102_75.jpg,no_defects
c6abd405196b7eabee255405beb51d72,/srv/defectDetectionDataset/multiclassClassification/noisy/no_defects/20250514-101946_5.jpg,no_defects
d95104bc14364164375c96413d63bddf,/srv/defectDetectionDataset/multiclassClassification/noisy/no_defects/20250603-142019_107.jpg,no_defects
1aa982861c53a57361f1f58b5fbcabc9,/srv/defectDetectionDataset/multiclassClassification/noisy/no_defects/20250603-141916_46.jpg,no_defects
949a8821e6d65bbbca559a82674cf5f9,/srv/defectDetectionDataset/multiclassClassification/noisy/no_defects/20250616-101140_112.jpg,no_defects
225f36571944bba0cc47a947ad6bf264,/srv/defectDetectionDataset/multiclassClassification/noisy/no_defects/20250603-141945_74.jpg,no_defects
fe1d96ed6e002829513330f282de1e59,/srv/defectDetectionDataset/multiclassClassification/noisy/no_defects/20250505-113053_0.jpg,no_defects
f0b9a687400dcceb2bea65be1f613b3e,/srv/defectDetectionDataset/multiclassClassification/noisy/no_defects/20250616-101137_109.jpg,no_defects
2127911663db837857b47d888edb9fe8,/srv/defectDetectionDataset/multiclassClassification/noisy/no_defects/20250630-101240_21.jpg,no_defects
f73de449a1671e605aa4dffecfe782a4,/srv/defectDetectionDataset/multiclassClassification/noisy/no_defects/20250616-101032_46.jpg,no_defects
a075efd50d117cc77947ca43c30398b3,/srv/defectDetectionDataset/multiclassClassification/noisy/no_defects/20250616-101112_85.jpg,no_defects
3c8531adb1decd8603fbb4e08541ace2,/srv/defectDetectionDataset/multiclassClassification/noisy/no_defects/20250616-101006_22.jpg,no_defects
ecb24e81b99a129ebb1e93a7bef6c225,/srv/defectDetectionDataset/multiclassClassification/noisy/no_defects/20250508-153755_6.jpg,no_defects
9e7f8724dd65673921830d6f94470cf6,/srv/defectDetectionDataset/multiclassClassification/noisy/no_defects/20250507-204716_0.jpg,no_defects
c298324d010628e83ea0f43e63134316,/srv/defectDetectionDataset/multiclassClassification/noisy/no_defects/20250616-101139_111.jpg,no_defects
335ee0096e6eea0dfd0c052757df6fee,/srv/defectDetectionDataset/multiclassClassification/noisy/no_defects/20250616-101109_82.jpg,no_defects
0f8e0ba0170c63ce6d6b84031a92f304,/srv/defectDetectionDataset/multiclassClassification/noisy/no_defects/20250707-150125_5.jpg,no_defects
4ac81e8db88ba652d6e5c4dadf0bc9cd,/srv/defectDetectionDataset/multiclassClassification/noisy/no_defects/20250603-141927_56.jpg,no_defects
fe07bdd5df7993155e8221c2c5eb5771,/srv/defectDetectionDataset/multiclassClassification/noisy/no_defects/20250603-142017_105.jpg,no_defects
a42ac0bda912dcbaa21b49cdb0bf3d02,/srv/defectDetectionDataset/multiclassClassification/noisy/no_defects/20250616-101129_101.jpg,no_defects
73ba577a32a09ebb9a24efff8ab55882,/srv/defectDetectionDataset/multiclassClassification/noisy/no_defects/20250603-142024_112.jpg,no_defects
6cf32114818f90f8460e231a4935f784,/srv/defectDetectionDataset/multiclassClassification/noisy/no_defects/20250616-101122_95.jpg,no_defects
dc8f7a8fd32cf684881e714fc57c70fc,/srv/defectDetectionDataset/multiclassClassification/noisy/no_defects/20250521-151601_0.jpg,no_defects
e666b2bb1c3bed23bfe171599592624f,/srv/defectDetectionDataset/multiclassClassification/noisy/no_defects/20250603-141951_80.jpg,no_defects
afce770abbd56cb60844b78f2da097b9,/srv/defectDetectionDataset/multiclassClassification/noisy/no_defects/20250603-141941_70.jpg,no_defects
24df6e3effee53fc1eb1f2982ee40a96,/srv/defectDetectionDataset/multiclassClassification/noisy/no_defects/20250603-141931_60.jpg,no_defects
e5b2024f3285a6ec44bf3fd526a303d3,/srv/defectDetectionDataset/multiclassClassification/noisy/no_defects/20250616-100957_13.jpg,no_defects
c4d72f9b21db50435af8b590583da1f5,/srv/defectDetectionDataset/multiclassClassification/noisy/no_defects/20250603-141932_61.jpg,no_defects
21b6f7a145f139d76eb1142ed5c6c5f0,/srv/defectDetectionDataset/multiclassClassification/noisy/no_defects/20250513-165000_5.jpg,no_defects
bc698e9b97cf1a4d7aeb39e69f337af2,/srv/defectDetectionDataset/multiclassClassification/noisy/no_defects/20250505-151512_9.jpg,no_defects
ac80e30aafa9a9987d5386d65b07d301,/srv/defectDetectionDataset/multiclassClassification/noisy/no_defects/20250616-101014_29.jpg,no_defects
f39edf976970685e3ecff7486b0e3fbe,/srv/defectDetectionDataset/multiclassClassification/noisy/no_defects/20250709-154210_7.jpg,no_defects
664a3d59791e6153646887f7f48e1ddb,/srv/defectDetectionDataset/multiclassClassification/noisy/no_defects/20250507-165823_11.jpg,no_defects
0d212116f3396c4d84f741e0ab7bee0a,/srv/defectDetectionDataset/multiclassClassification/noisy/no_defects/20250603-142018_106.jpg,no_defects
4e20e516415c8ed57d78958ec97e8c74,/srv/defectDetectionDataset/multiclassClassification/noisy/no_defects/20250616-101017_32.jpg,no_defects
05c545187285f7eb000fa362ce9590b4,/srv/defectDetectionDataset/multiclassClassification/noisy/no_defects/20250616-101034_48.jpg,no_defects
e4f4aa306046c24b9c83af53486486e6,/srv/defectDetectionDataset/multiclassClassification/noisy/no_defects/20250603-141917_47.jpg,no_defects
816b999ba47407b5373bf55d171515df,/srv/defectDetectionDataset/multiclassClassification/noisy/no_defects/20250616-100954_10.jpg,no_defects
bbcfc593a44c2539605532f37c88a26c,/srv/defectDetectionDataset/multiclassClassification/noisy/no_defects/20250513-143257_9.jpg,no_defects
578ddb7187999adb3e6c02c5ae532327,/srv/defectDetectionDataset/multiclassClassification/noisy/no_defects/20250616-101054_68.jpg,no_defects
becc9b52ba6c1d97ed60a72fba39f527,/srv/defectDetectionDataset/multiclassClassification/noisy/no_defects/20250603-141952_81.jpg,no_defects
7e5576aae73300318331b1d0b6e95e22,/srv/defectDetectionDataset/multiclassClassification/noisy/no_defects/20250514-102105_8.jpg,no_defects
8da8c043013e588ed08bbaf230a6694b,/srv/defectDetectionDataset/multiclassClassification/noisy/no_defects/20250616-100959_15.jpg,no_defects
9d6fc546006184537797f9a076220fa8,/srv/defectDetectionDataset/multiclassClassification/noisy/no_defects/20250505-151508_5.jpg,no_defects
0589514f05f26ef4212d6a2360fc9fb2,/srv/defectDetectionDataset/multiclassClassification/noisy/no_defects/20250603-142004_92.jpg,no_defects
eeb21cbbadfa9943f8ab106397e7b7c6,/srv/defectDetectionDataset/multiclassClassification/noisy/no_defects/20250616-101048_62.jpg,no_defects
333791e852f3f9cfaa2d37f7e5beca73,/srv/defectDetectionDataset/multiclassClassification/noisy/no_defects/20250507-204722_6.jpg,no_defects
2b193c532996db21d401a05760c16cc4,/srv/defectDetectionDataset/multiclassClassification/noisy/no_defects/20250521-101712_1.jpg,no_defects
fa2cfbc3a8b2ebef5ffc753ff87f5214,/srv/defectDetectionDataset/multiclassClassification/noisy/no_defects/20250707-150124_4.jpg,no_defects
670c06e60b1bb836903ccde4a980f71a,/srv/defectDetectionDataset/multiclassClassification/noisy/no_defects/20250508-153749_0.jpg,no_defects
31c1a90e66fc1bdc9b8618cf30426e6b,/srv/defectDetectionDataset/multiclassClassification/noisy/no_defects/20250616-101031_45.jpg,no_defects
512abeff0a18a1a13093956b2ad12880,/srv/defectDetectionDataset/multiclassClassification/noisy/no_defects/20250506-153711_17.jpg,no_defects
58058229e349553c12914679b5bf30c3,/srv/defectDetectionDataset/multiclassClassification/noisy/no_defects/20250616-101025_40.jpg,no_defects
a321f0c54b2318b5f0f9aaacb9fdfccf,/srv/defectDetectionDataset/multiclassClassification/noisy/no_defects/20250603-142016_104.jpg,no_defects
dcf1ca62818c673506fb7780c42ffce3,/srv/defectDetectionDataset/multiclassClassification/noisy/no_defects/20250616-101134_106.jpg,no_defects
18ad7746c40b6fc55887db8f72e86bbe,/srv/defectDetectionDataset/multiclassClassification/noisy/no_defects/20250616-101115_88.jpg,no_defects
2a04a21831ce24b96d5490cf9faa4325,/srv/defectDetectionDataset/multiclassClassification/noisy/no_defects/20250616-101104_77.jpg,no_defects
b59576a70805f1daf9b4ea6c1f4d5325,/srv/defectDetectionDataset/multiclassClassification/noisy/no_defects/20250616-101055_69.jpg,no_defects
048414588f41ea982fdf47a747cb5b96,/srv/defectDetectionDataset/multiclassClassification/noisy/no_defects/20250521-115752_7.jpg,no_defects
ac8aa2bbee833ed0d3b563a148c4fae1,/srv/defectDetectionDataset/multiclassClassification/noisy/no_defects/20250616-101022_37.jpg,no_defects
3f241cbb01293b142aecd404fe289a38,/srv/defectDetectionDataset/multiclassClassification/noisy/no_defects/20250514-102304_1.jpg,no_defects
1eb6b217b6b565715e8f6f2a19528f44,/srv/defectDetectionDataset/multiclassClassification/noisy/no_defects/20250603-141902_32.jpg,no_defects
e8be98bb4423f1581768fad36b750e5e,/srv/defectDetectionDataset/multiclassClassification/noisy/no_defects/20250505-110950_3.jpg,no_defects
f30481ca9239b5938ab43ae09e921c12,/srv/defectDetectionDataset/multiclassClassification/noisy/no_defects/20250507-165853_18.jpg,no_defects
b61bc69031f96f6a1c7d9ccc3162c6b3,/srv/defectDetectionDataset/multiclassClassification/noisy/no_defects/20250616-101131_103.jpg,no_defects
57f68487c64f831a44fdba3947924d97,/srv/defectDetectionDataset/multiclassClassification/noisy/no_defects/20250603-141841_12.jpg,no_defects
6f7eebdb74be5597773b08eef305dcde,/srv/defectDetectionDataset/multiclassClassification/noisy/no_defects/20250603-141910_40.jpg,no_defects
831e64abd3419b2495edc2e37fbeb993,/srv/defectDetectionDataset/multiclassClassification/noisy/no_defects/20250630-160844_2.jpg,no_defects
e2a6cdc7c1c5dee7e15d007aa41923fb,/srv/defectDetectionDataset/multiclassClassification/noisy/no_defects/20250707-155040_8.jpg,no_defects
d47672f8e893667fee239288790e3a55,/srv/defectDetectionDataset/multiclassClassification/noisy/no_defects/20250616-101107_80.jpg,no_defects
e9ae601c94f4fcf923ad157ed6aeb45e,/srv/defectDetectionDataset/multiclassClassification/noisy/no_defects/20250707-155037_5.jpg,no_defects
e866bbfc8d3e02520c899e5819dafadb,/srv/defectDetectionDataset/multiclassClassification/noisy/no_defects/20250707-153547_14.jpg,no_defects
36fce8bfcd1b8cfec94daec6bb2b680f,/srv/defectDetectionDataset/multiclassClassification/noisy/no_defects/20250603-141906_36.jpg,no_defects
e90f0be085c31bc4aee9ff5c1c1dc9a6,/srv/defectDetectionDataset/multiclassClassification/noisy/no_defects/20250603-141921_51.jpg,no_defects
a99e65548986c88882af564998238896,/srv/defectDetectionDataset/multiclassClassification/noisy/no_defects/20250616-101133_105.jpg,no_defects
89914e2eff40d6af2049b444e2904bbe,/srv/defectDetectionDataset/multiclassClassification/noisy/no_defects/20250616-101119_92.jpg,no_defects
8e2a28ced0fd7691375a56a7671e6152,/srv/defectDetectionDataset/multiclassClassification/noisy/no_defects/20250616-101123_96.jpg,no_defects
78ffd82f1bd14e896b598ca7c5ed108a,/srv/defectDetectionDataset/multiclassClassification/noisy/no_defects/20250709-154211_8.jpg,no_defects
a24fd7f898b0ae09d400bf28620c0d34,/srv/defectDetectionDataset/multiclassClassification/noisy/no_defects/20250616-101008_23.jpg,no_defects
edce0226191464e8498c769b93c66d9b,/srv/defectDetectionDataset/multiclassClassification/noisy/no_defects/20250603-142023_111.jpg,no_defects
df15b1bd52eae9b43b524eafe1ec2996,/srv/defectDetectionDataset/multiclassClassification/noisy/no_defects/20250507-204717_1.jpg,no_defects
6cec6624eb6218cb654f852ef3ce10db,/srv/defectDetectionDataset/multiclassClassification/noisy/no_defects/20250616-101024_39.jpg,no_defects
b621f99cdddfa0450dabb1aa9a557305,/srv/defectDetectionDataset/multiclassClassification/noisy/no_defects/20250616-101019_34.jpg,no_defects
874730003ceb8cbcc1c13b916a7f15a2,/srv/defectDetectionDataset/multiclassClassification/noisy/no_defects/20250507-204721_5.jpg,no_defects
b21a3385431fd394391a80e652c063a0,/srv/defectDetectionDataset/multiclassClassification/noisy/no_defects/20250603-141937_66.jpg,no_defects
dfb9a20351c3d96ff8e1dd9c6fd745bd,/srv/defectDetectionDataset/multiclassClassification/noisy/no_defects/20250630-155301_2.jpg,no_defects
f28ebbef53d991f64cd879cf60c010a5,/srv/defectDetectionDataset/multiclassClassification/noisy/no_defects/20250603-141922_52.jpg,no_defects
8756d076b575522743dffc28724f257a,/srv/defectDetectionDataset/multiclassClassification/noisy/no_defects/20250603-142022_110.jpg,no_defects
2ad6542e8f02ba2d3045f98f7ad7cf67,/srv/defectDetectionDataset/multiclassClassification/noisy/no_defects/20250707-142705_7.jpg,no_defects
a256b544b98d363ee4777c62f3c67719,/srv/defectDetectionDataset/multiclassClassification/noisy/no_defects/20250603-141930_59.jpg,no_defects
72b316175ecccde79f49f6df95b1396b,/srv/defectDetectionDataset/multiclassClassification/noisy/no_defects/20250505-113056_3.jpg,no_defects
6545d28509c19d298d466ee90cf2a621,/srv/defectDetectionDataset/multiclassClassification/noisy/no_defects/20250616-101018_33.jpg,no_defects
21ead3b7c4d69bdbf6e9416631a675a1,/srv/defectDetectionDataset/multiclassClassification/noisy/no_defects/20250507-165813_2.jpg,no_defects
9bd74e8870fe989544f5127818532b58,/srv/defectDetectionDataset/multiclassClassification/noisy/no_defects/20250616-100956_12.jpg,no_defects
2eddcda9ffa071e34877f3db221249ed,/srv/defectDetectionDataset/multiclassClassification/noisy/no_defects/20250707-155033_1.jpg,no_defects
529a5158fbd1dd61ef4bfd330abc6794,/srv/defectDetectionDataset/multiclassClassification/noisy/no_defects/20250707-142702_4.jpg,no_defects
b6689fb78d1b4f02736aadd09b8bca50,/srv/defectDetectionDataset/multiclassClassification/noisy/no_defects/20250603-141830_1.jpg,no_defects
074626d7d971e842b99d67fc50342a4a,/srv/defectDetectionDataset/multiclassClassification/noisy/no_defects/20250603-141901_31.jpg,no_defects
3305d8a614e07f9d94efbf42fe02d65c,/srv/defectDetectionDataset/multiclassClassification/noisy/no_defects/20250707-153545_12.jpg,no_defects
7afc589313179989f3c4befba6f96456,/srv/defectDetectionDataset/multiclassClassification/noisy/no_defects/20250603-142015_103.jpg,no_defects
766f0f50c35b0f1d11f74bc72d7d6058,/srv/defectDetectionDataset/multiclassClassification/noisy/no_defects/20250616-101121_94.jpg,no_defects
40ede65aaccbc1c6f7fdcfd7bfa35327,/srv/defectDetectionDataset/multiclassClassification/noisy/no_defects/20250707-150121_1.jpg,no_defects
7d31254c49ac41e532aa6d8067c6949e,/srv/defectDetectionDataset/multiclassClassification/noisy/no_defects/20250521-155745_8.jpg,no_defects
9baa6483ae3947605e5668e913e3fc23,/srv/defectDetectionDataset/multiclassClassification/noisy/no_defects/20250707-155039_7.jpg,no_defects
939cebe19596b161c917012bf2403cee,/srv/defectDetectionDataset/multiclassClassification/noisy/no_defects/20250603-141831_2.jpg,no_defects
026e1476640d0cb653bcd6d2252ba209,/srv/defectDetectionDataset/multiclassClassification/noisy/no_defects/20250603-141913_43.jpg,no_defects
60cdc85e33016a6a197f975c0316190f,/srv/defectDetectionDataset/multiclassClassification/noisy/no_defects/20250616-101116_89.jpg,no_defects
0cba393cbea11005b873c79ea386acbd,/srv/defectDetectionDataset/multiclassClassification/noisy/no_defects/20250514-104328_3.jpg,no_defects
1d75a3fe676236df01189a8f73875be8,/srv/defectDetectionDataset/multiclassClassification/noisy/no_defects/20250603-141936_65.jpg,no_defects
968840553d4a7d34e0f8564396f95d5d,/srv/defectDetectionDataset/multiclassClassification/noisy/no_defects/20250603-142010_98.jpg,no_defects
90a17bdb0af851f6aac442f10f2101de,/srv/defectDetectionDataset/multiclassClassification/noisy/no_defects/20250513-165620_5.jpg,no_defects
17980cfb09d654a804ae4b67dd1c63c7,/srv/defectDetectionDataset/multiclassClassification/noisy/no_defects/20250616-101114_87.jpg,no_defects
32055033306354889c7e86ad3330c38d,/srv/defectDetectionDataset/multiclassClassification/noisy/no_defects/20250507-165838_3.jpg,no_defects
8cc1854d14e450043650b5eae5dbc19c,/srv/defectDetectionDataset/multiclassClassification/noisy/no_defects/20250616-100951_7.jpg,no_defects
58102ec61437f0ae9221e65825fd7104,/srv/defectDetectionDataset/multiclassClassification/noisy/no_defects/20250616-101001_17.jpg,no_defects
e95d298b7a3d6d6f2c143083bf877313,/srv/defectDetectionDataset/multiclassClassification/noisy/no_defects/20250603-141857_27.jpg,no_defects
fabd42bc74a5d4ac0b9d896c31b02a93,/srv/defectDetectionDataset/multiclassClassification/noisy/no_defects/20250521-101714_2.jpg,no_defects
d817b7318f14023d86dc50ecd6e45767,/srv/defectDetectionDataset/multiclassClassification/noisy/no_defects/20250603-141944_73.jpg,no_defects
9569c06fd56b5c59932f735c5cae8170,/srv/defectDetectionDataset/multiclassClassification/noisy/no_defects/20250630-160847_5.jpg,no_defects
e17c262bf1669f13a1af33240c2d4ba3,/srv/defectDetectionDataset/multiclassClassification/noisy/no_defects/20250707-150122_2.jpg,no_defects
55059ebe7e901f4b70fc3425ad347814,/srv/defectDetectionDataset/multiclassClassification/noisy/no_defects/20250630-160848_6.jpg,no_defects
cb3956ac8406a39fa74a45f44c5e6dc0,/srv/defectDetectionDataset/multiclassClassification/noisy/no_defects/20250603-142013_101.jpg,no_defects
00bd72c01d3a31fc7be5529043d48443,/srv/defectDetectionDataset/multiclassClassification/noisy/no_defects/20250616-101142_114.jpg,no_defects
8bd68e74d752bcc591008269ecac1be6,/srv/defectDetectionDataset/multiclassClassification/noisy/no_defects/20250603-142006_94.jpg,no_defects
ae7ef4f2502993255ae11d7f8abaf211,/srv/defectDetectionDataset/multiclassClassification/noisy/no_defects/20250603-141918_48.jpg,no_defects
0a719037cec2a5e7c7b0c3c20838c2a5,/srv/defectDetectionDataset/multiclassClassification/noisy/no_defects/20250709-154414_8.jpg,no_defects
7f792c04e23cd854e5039a865532b9a1,/srv/defectDetectionDataset/multiclassClassification/noisy/no_defects/20250521-101342_9.jpg,no_defects
2c6a4437cfb6f9ef480800063255d68f,/srv/defectDetectionDataset/multiclassClassification/noisy/no_defects/20250616-101130_102.jpg,no_defects
b0f4ac32537f545ea97942dd059cfd66,/srv/defectDetectionDataset/multiclassClassification/noisy/no_defects/20250616-101009_24.jpg,no_defects
d6276aee2f2035a5742cd746162ae4b7,/srv/defectDetectionDataset/multiclassClassification/noisy/no_defects/20250508-153750_1.jpg,no_defects
18c0ea360a2ceff3a871debbeb4dd504,/srv/defectDetectionDataset/multiclassClassification/noisy/no_defects/20250616-101132_104.jpg,no_defects
21ff0ee245eaf8f969ca8f028b93c435,/srv/defectDetectionDataset/multiclassClassification/noisy/no_defects/20250603-141845_16.jpg,no_defects
0e09f5859f445a1feb485570a7e3a31f,/srv/defectDetectionDataset/multiclassClassification/noisy/no_defects/20250507-165847_12.jpg,no_defects
5293c068a639e8929d1f1e5d9d779a76,/srv/defectDetectionDataset/multiclassClassification/noisy/no_defects/20250616-101052_66.jpg,no_defects
de9471f1886c24038acf508215922f83,/srv/defectDetectionDataset/multiclassClassification/noisy/no_defects/20250630-160846_4.jpg,no_defects
611a2cef0ea0c53522e521d3f6dc882c,/srv/defectDetectionDataset/multiclassClassification/noisy/no_defects/20250603-141942_71.jpg,no_defects
5922650835c19a723c37d788f88f6071,/srv/defectDetectionDataset/multiclassClassification/noisy/no_defects/20250603-141837_8.jpg,no_defects
69262a7aae4503a3b770416a3e37e09c,/srv/defectDetectionDataset/multiclassClassification/noisy/no_defects/20250505-113055_2.jpg,no_defects
39356d4b861328b21cd91ca8b1261673,/srv/defectDetectionDataset/multiclassClassification/noisy/no_defects/20250707-150120_0.jpg,no_defects
4c6e0aad7a5100141ab8bcdcbb855e67,/srv/defectDetectionDataset/multiclassClassification/noisy/no_defects/20250603-141835_6.jpg,no_defects
f328084245afc6524ef207dba1bde745,/srv/defectDetectionDataset/multiclassClassification/noisy/no_defects/20250616-100952_8.jpg,no_defects
295ac3ec715e5683bfa5294b3ceed2fc,/srv/defectDetectionDataset/multiclassClassification/noisy/no_defects/20250521-115802_0.jpg,no_defects
094585fec43b42d8b9defbfe3eccdb8c,/srv/defectDetectionDataset/multiclassClassification/noisy/no_defects/20250603-141836_7.jpg,no_defects
1c2a84baebe9bd35b54405e3903f231d,/srv/defectDetectionDataset/multiclassClassification/noisy/no_defects/20250616-100947_3.jpg,no_defects
7da93d21f2f5ace25bb4b242326d97f5,/srv/defectDetectionDataset/multiclassClassification/noisy/no_defects/20250603-141852_23.jpg,no_defects
453364919e3cc501598b45b4cea2cd46,/srv/defectDetectionDataset/multiclassClassification/noisy/no_defects/20250514-102107_9.jpg,no_defects
424ae65d3c7419f7e034fac7d4104a19,/srv/defectDetectionDataset/multiclassClassification/noisy/no_defects/20250603-142007_95.jpg,no_defects
0cb4add1efb0e1461071ae9b016a32ce,/srv/defectDetectionDataset/multiclassClassification/noisy/no_defects/20250603-141859_29.jpg,no_defects
8512783e8d319e66f2278575fbe220c1,/srv/defectDetectionDataset/multiclassClassification/noisy/no_defects/20250514-101948_6.jpg,no_defects
80a0fbd8c7a83b4edd5f3c195619c58a,/srv/defectDetectionDataset/multiclassClassification/noisy/no_defects/20250707-155034_2.jpg,no_defects
b627e541f92f31fa33e3a13fdcb32809,/srv/defectDetectionDataset/multiclassClassification/noisy/no_defects/20250603-141957_86.jpg,no_defects
27a733110ad5f7c94972363911de7e23,/srv/defectDetectionDataset/multiclassClassification/noisy/no_defects/20250616-101138_110.jpg,no_defects
3bd5639788c4fc8211d731feb8964414,/srv/defectDetectionDataset/multiclassClassification/noisy/no_defects/20250603-141900_30.jpg,no_defects
b0c44e748f67d79ac4912f2020906386,/srv/defectDetectionDataset/multiclassClassification/noisy/no_defects/20250514-101007_8.jpg,no_defects
2c522f4a76a1cc6459edf48980d8f3be,/srv/defectDetectionDataset/multiclassClassification/noisy/no_defects/20250514-101009_9.jpg,no_defects
0ea81d8a213a91ee4551fe115b2b1f8d,/srv/defectDetectionDataset/multiclassClassification/noisy/no_defects/20250507-165850_15.jpg,no_defects
d6948502f1e1f601e067429efc0999b9,/srv/defectDetectionDataset/multiclassClassification/noisy/no_defects/20250507-165852_17.jpg,no_defects
d0cf26e8abfdac09478ba0fe7e81baf9,/srv/defectDetectionDataset/multiclassClassification/noisy/no_defects/20250616-100946_2.jpg,no_defects
1992a8839a3898584852f39639219faa,/srv/defectDetectionDataset/multiclassClassification/noisy/no_defects/20250514-102612_3.jpg,no_defects
3d4da26e01b781244be2867500b98dd7,/srv/defectDetectionDataset/multiclassClassification/noisy/no_defects/20250603-141949_78.jpg,no_defects
206dbfb097831ba18d33bce2064bc639,/srv/defectDetectionDataset/multiclassClassification/noisy/no_defects/20250616-101012_27.jpg,no_defects
b5ed16428f02ffed969b7878d5cddab8,/srv/defectDetectionDataset/multiclassClassification/noisy/no_defects/20250521-115639_4.jpg,no_defects
0a7f3917dffcea61247cde9bea6a106c,/srv/defectDetectionDataset/multiclassClassification/noisy/no_defects/20250507-204720_4.jpg,no_defects
07c559a7e9d6abcdae5c395c89633e09,/srv/defectDetectionDataset/multiclassClassification/noisy/black_stain/20250506-160553_1.jpg,black_stain
239fb9a65b5cf1a578ceeb1cb5f4ee4b,/srv/defectDetectionDataset/multiclassClassification/noisy/black_stain/20250506-160552_0.jpg,black_stain
0dfde7f23d5ce2d59f4bb15d1050b0d6,/srv/defectDetectionDataset/multiclassClassification/noisy/corrosion/20250521-124121_8.jpg,corrosion
1e08bf0a6854716f5abfa67d536f49e9,/srv/defectDetectionDataset/multiclassClassification/noisy/corrosion/20250521-124111_3.jpg,corrosion
cf2422d8cf3aafce1dff48477021f60e,/srv/defectDetectionDataset/multiclassClassification/noisy/crack/20250523-071527_4.jpg,crack
33ddcb7324e249225c491cafb8cdf8f9,/srv/defectDetectionDataset/multiclassClassification/noisy/deformation/20250521-104913_0.jpg,deformation
c1fdab8da0de8067197516e9e4a7387d,/srv/defectDetectionDataset/multiclassClassification/noisy/deformation/20250630-155746_0.jpg,deformation
901f0dba34254b08fc302f733311c97d,/srv/defectDetectionDataset/multiclassClassification/noisy/other/20250521-115946_0.jpg,other
